{"cameraMatrix": [[1380.76188, 0.0, 985.3763], [0.0, 1378.32, 557.5717], [0.0, 0.0, 1.0]], "distortionCoefficients": [-0.00573079, -0.05853685, 0.00310127, 2.1e-06, 0], "cameraTranslation": [0.0, 0.0, 0.0], "cameraRotation": [0.0, 0.0, 0.0]}