{"cameraMatrix": [[1380.76188, 0.0, 985.3763], [0.0, 1378.32, 557.5717], [0.0, 0.0, 1.0]], "distortionCoefficients": [-0.00573079, -0.05853685, 0.00310127, 2.1e-06, 0], "cameraTranslation": [0.08082397608558245, -1.5953168487474803, 0.6696567216660263], "cameraRotation": [-1.7045621677806628, 0.0075225299365933125, -0.0028512256704524537]}