{"cameraMatrix": [[1393.53993076, 0.0, 986.86708455], [0.0, 1392.89920241, 558.27594943], [0.0, 0.0, 1.0]], "distortionCoefficients": [-0.00222352, -0.06004384, 0.00375605, -0.00080867, 0], "cameraTranslation": [0.009698656234778426, -1.5255718613360114, 0.5327600071625036], "cameraRotation": [-1.6434394772122154, 0.015504351867461713, -0.013458799581254342]}