{"cameraMatrix": [[1393.53993076, 0.0, 986.86708455], [0.0, 1392.89920241, 558.27594943], [0.0, 0.0, 1.0]], "distortionCoefficients": [-0.00222352, -0.06004384, 0.00375605, -0.00080867, 0], "cameraTranslation": [0.005857570326488967, -1.507202834569105, 0.5314062155385397], "cameraRotation": [-1.6417743409880172, 0.01509983182421768, -0.018466150978407418], "tagSize": 0.0708, "isAruco": true, "arucoFamily": "4", "isApriltag": false, "apriltagFamily": "", "isTrajectory": false}